ID,Timestamp,Location
1,10:00:00,"(1,10)"
2,10:00:00,"(2,10)"
3,10:00:00,"(3,10)"
4,10:00:00,"(4,10)"
5,10:00:00,"(5,10)"
6,10:00:00,"(6,10)"
7,10:00:00,"(7,10)"
8,10:00:00,"(8,10)"
9,10:00:00,"(9,10)"
10,10:00:00,"(10,10)"
11,10:00:00,"(1,20)"
12,10:00:00,"(2,20)"
13,10:00:00,"(3,20)"
14,10:00:00,"(4,20)"
15,10:00:00,"(5,20)"
16,10:00:00,"(6,20)"
17,10:00:00,"(7,20)"
18,10:00:00,"(8,20)"
19,10:00:00,"(9,20)"
20,10:00:00,"(10,20)"
21,10:15:00,"(1,10)"
22,10:15:00,"(2,20)"
23,10:15:00,"(3,30)"
24,10:15:00,"(4,40)"
25,10:15:00,"(5,50)"
26,10:15:00,"(6,60)"
27,10:15:00,"(7,70)"
28,10:15:00,"(8,80)"
29,10:15:00,"(9,90)"
30,10:15:00,"(7,70)"
31,10:15:00,"(30,10)"
32,10:15:00,"(40,20)"
33,10:15:00,"(50,30)"
34,10:15:00,"(60,40)"
35,10:15:00,"(70,50)"
36,10:15:00,"(80,60)"
37,10:15:00,"(90,70)"
38,10:15:00,"(20,80)"
39,10:15:00,"(10,90)"
40,10:15:00,"(50,10)"
41,10:30:00,"(60,20)"
42,10:30:00,"(70,30)"
43,10:30:00,"(80,40)"
44,10:30:00,"(90,50)"
45,10:30:00,"(40,60)"
46,10:30:00,"(30,70)"
47,10:30:00,"(10,80)"
48,10:30:00,"(20,90)"
49,10:30:00,"(10,50)"
50,10:30:00,"(20,60)"
51,10:30:00,"(1,20)"
52,10:30:00,"(2,20)"
53,10:30:00,"(3,20)"
54,10:30:00,"(4,20)"
55,10:30:00,"(5,20)"
56,10:30:00,"(6,20)"
57,10:30:00,"(7,20)"
58,10:30:00,"(8,20)"
59,10:30:00,"(9,20)"
60,10:30:00,"(10,20)"
61,10:45:00,"(30,70)"
62,10:45:00,"(30,10)"
63,10:45:00,"(40,20)"
64,10:45:00,"(50,30)"
65,10:45:00,"(60,40)"
66,10:45:00,"(70,50)"
67,10:45:00,"(80,60)"
68,10:45:00,"(90,70)"
69,10:45:00,"(20,80)"
70,10:45:00,"(10,90)"
71,10:45:00,"(10,20)"
72,10:45:00,"(1,10)"
73,10:45:00,"(5,10)"
74,10:45:00,"(3,30)"
75,10:45:00,"(4,40)"
76,10:45:00,"(5,50)"
77,10:45:00,"(6,60)"
78,10:45:00,"(7,70)"
79,10:45:00,"(8,80)"
80,10:45:00,"(9,90)"
81,11:00:00,"(60,20)"
82,11:00:00,"(70,30)"
83,11:00:00,"(80,40)"
84,11:00:00,"(90,50)"
85,11:00:00,"(40,60)"
86,11:00:00,"(30,70)"
87,11:00:00,"(10,80)"
88,11:00:00,"(20,90)"
89,11:00:00,"(10,50)"
90,11:00:00,"(1,10)"
91,11:00:00,"(2,10)"
92,11:00:00,"(3,10)"
93,11:00:00,"(4,10)"
94,11:00:00,"(5,10)"
95,11:00:00,"(6,10)"
96,11:00:00,"(7,10)"
97,11:00:00,"(8,10)"
98,11:00:00,"(9,10)"
99,11:00:00,"(10,10)"
100,11:00:00,"(10,20)"
101,11:15:00,"(1,10)"
102,11:15:00,"(2,20)"
103,11:15:00,"(3,30)"
104,11:15:00,"(4,40)"
105,11:15:00,"(5,50)"
106,11:15:00,"(6,60)"
107,11:15:00,"(7,70)"
108,11:15:00,"(8,80)"
109,11:15:00,"(9,90)"
110,11:15:00,"(60,20)"
111,11:15:00,"(5,50)"
112,11:15:00,"(5,50)"
113,11:15:00,"(30,70)"
114,11:15:00,"(1,20)"
115,11:15:00,"(2,20)"
116,11:15:00,"(3,20)"
117,11:15:00,"(4,20)"
118,11:15:00,"(5,20)"
119,11:15:00,"(6,20)"
120,11:15:00,"(7,20)"
121,11:30:00,"(8,20)"
122,11:30:00,"(9,20)"
123,11:30:00,"(10,20)"
124,11:30:00,"(30,70)"
125,11:30:00,"(7,70)"
126,11:30:00,"(30,70)"
127,11:30:00,"(30,70)"
128,11:30:00,"(7,70)"
129,11:30:00,"(30,70)"
130,11:30:00,"(8,20)"
131,11:30:00,"(9,20)"
132,11:30:00,"(1,20)"
133,11:30:00,"(2,20)"
134,11:30:00,"(3,20)"
135,11:30:00,"(4,20)"
136,11:30:00,"(5,20)"
137,11:30:00,"(6,20)"
138,11:30:00,"(7,20)"
139,11:30:00,"(8,20)"
140,11:30:00,"(9,20)"
141,11:45:00,"(10,20)"
142,11:45:00,"(30,70)"
143,11:45:00,"(10,20)"
144,11:45:00,"(30,70)"
145,11:45:00,"(2,20)"
146,11:45:00,"(3,20)"
147,11:45:00,"(4,20)"
148,11:45:00,"(5,20)"
149,11:45:00,"(6,20)"
150,11:45:00,"(7,20)"
151,11:45:00,"(8,20)"
152,11:45:00,"(9,20)"
153,11:45:00,"(10,20)"
154,11:45:00,"(5,50)"
155,11:45:00,"(1,20)"
156,11:45:00,"(1,20)"
157,11:45:00,"(2,20)"
158,11:45:00,"(3,20)"
159,11:45:00,"(4,20)"
160,11:45:00,"(5,20)"
161,12:00:00,"(6,20)"
162,12:00:00,"(7,20)"
163,12:00:00,"(8,20)"
164,12:00:00,"(9,20)"
165,12:00:00,"(8,20)"
166,12:00:00,"(9,20)"
167,12:00:00,"(10,20)"
168,12:00:00,"(5,50)"
169,12:00:00,"(1,20)"
170,12:00:00,"(1,20)"
171,12:00:00,"(7,70)"
172,12:00:00,"(6,10)"
173,12:00:00,"(7,70)"
174,12:00:00,"(8,20)"
175,12:00:00,"(9,20)"
176,12:00:00,"(10,20)"
177,12:00:00,"(5,50)"
178,12:00:00,"(2,20)"
179,12:00:00,"(3,20)"
180,12:00:00,"(4,20)"
181,12:00:00,"(5,20)"
182,12:00:00,"(6,20)"
183,12:00:00,"(7,20)"
184,12:00:00,"(8,20)"
185,12:00:00,"(9,20)"
186,12:00:00,"(10,20)"
187,12:00:00,"(5,50)"
188,12:00:00,"(6,10)"
189,12:00:00,"(5,20)"
190,12:00:00,"(6,20)"
191,12:00:00,"(7,20)"
192,12:00:00,"(8,20)"
193,12:00:00,"(9,20)"
194,12:00:00,"(10,20)"
195,12:00:00,"(9,10)"
196,12:00:00,"(7,70)"
197,12:00:00,"(9,10)"
198,12:00:00,"(7,70)"
199,12:00:00,"(7,70)"
200,12:00:00,"(9,10)"
201,13:15:00,"(5,50)"
202,13:15:00,"(9,10)"
203,13:15:00,"(10,20)"
204,13:15:00,"(10,20)"
205,13:15:00,"(1,10)"
206,13:15:00,"(2,20)"
207,13:15:00,"(3,30)"
208,13:15:00,"(4,40)"
209,13:15:00,"(5,50)"
210,13:15:00,"(6,60)"
211,13:15:00,"(7,70)"
212,13:15:00,"(8,80)"
213,13:15:00,"(9,90)"
214,13:15:00,"(60,20)"
215,13:15:00,"(9,10)"
216,13:15:00,"(10,10)"
217,13:15:00,"(1,20)"
218,13:15:00,"(2,20)"
219,13:15:00,"(9,10)"
220,13:15:00,"(7,70)"
221,13:30:00,"(9,10)"
222,13:30:00,"(10,10)"
223,13:30:00,"(1,20)"
224,13:30:00,"(2,20)"
225,13:30:00,"(9,10)"
226,13:30:00,"(7,70)"
227,13:30:00,"(2,20)"
228,13:30:00,"(7,70)"
229,13:30:00,"(10,10)"
230,13:30:00,"(1,20)"
231,13:30:00,"(5,50)"
232,13:30:00,"(10,10)"
233,13:30:00,"(1,20)"
234,13:30:00,"(2,20)"
235,13:30:00,"(7,70)"
236,13:30:00,"(7,70)"
237,13:30:00,"(6,10)"
238,13:30:00,"(9,10)"
239,13:30:00,"(10,10)"
240,13:30:00,"(1,20)"
241,13:45:00,"(2,20)"
242,13:45:00,"(7,70)"
243,13:45:00,"(7,70)"
244,13:45:00,"(9,10)"
245,13:45:00,"(10,10)"
246,13:45:00,"(40,60)"
247,13:45:00,"(30,70)"
248,13:45:00,"(10,20)"
249,13:45:00,"(1,10)"
250,13:45:00,"(10,20)"
251,13:45:00,"(30,70)"
252,13:45:00,"(10,20)"
253,13:45:00,"(1,10)"
254,13:45:00,"(5,10)"
255,13:45:00,"(6,10)"
256,13:45:00,"(7,10)"
257,13:45:00,"(5,50)"
258,13:45:00,"(5,50)"
259,13:45:00,"(9,10)"
260,13:45:00,"(10,10)"
261,14:00:00,"(1,20)"
262,14:00:00,"(2,20)"
263,14:00:00,"(5,10)"
264,14:00:00,"(6,10)"
265,14:00:00,"(7,10)"
266,14:00:00,"(30,70)"
267,14:00:00,"(5,50)"
268,14:00:00,"(30,70)"
269,14:00:00,"(7,70)"
270,14:00:00,"(30,70)"
271,14:00:00,"(5,50)"
272,14:00:00,"(30,70)"
273,14:00:00,"(5,10)"
274,14:00:00,"(6,10)"
275,14:00:00,"(7,10)"
276,14:00:00,"(8,10)"
277,14:00:00,"(9,10)"
278,14:00:00,"(10,10)"
279,14:00:00,"(30,70)"
280,14:00:00,"(5,50)"
281,14:00:00,"(30,70)"
282,14:00:00,"(5,10)"
283,14:00:00,"(6,10)"
284,14:00:00,"(7,10)"
285,14:00:00,"(30,70)"
286,14:00:00,"(9,10)"
287,14:00:00,"(10,10)"
288,14:00:00,"(1,20)"
289,14:00:00,"(2,20)"
290,14:00:00,"(40,60)"
291,14:00:00,"(7,70)"
292,14:00:00,"(5,10)"
293,14:00:00,"(6,10)"
294,14:00:00,"(7,10)"
295,14:00:00,"(8,10)"
296,14:00:00,"(9,10)"
297,14:00:00,"(10,10)"
298,14:00:00,"(5,50)"
299,14:00:00,"(6,10)"
300,14:00:00,"(1,10)"
301,17:00:00,"(2,10)"
302,17:00:00,"(3,10)"
303,17:00:00,"(4,10)"
304,17:00:00,"(5,10)"
305,17:00:00,"(6,10)"
306,17:00:00,"(7,10)"
307,17:00:00,"(8,10)"
308,17:00:00,"(9,10)"
309,17:00:00,"(10,10)"
310,17:00:00,"(1,20)"
311,17:00:00,"(2,20)"
312,17:00:00,"(3,20)"
313,17:00:00,"(4,20)"
314,17:00:00,"(5,20)"
315,17:00:00,"(6,20)"
316,17:00:00,"(7,20)"
317,17:00:00,"(8,20)"
318,17:00:00,"(9,20)"
319,17:00:00,"(10,20)"
320,17:00:00,"(1,10)"
321,17:00:00,"(2,20)"
322,17:00:00,"(3,30)"
323,17:00:00,"(4,40)"
324,17:00:00,"(5,50)"
325,17:00:00,"(6,60)"
326,17:00:00,"(7,70)"
327,17:00:00,"(8,80)"
328,17:00:00,"(9,90)"
329,17:00:00,"(5,50)"
330,17:00:00,"(30,10)"
331,17:00:00,"(40,20)"
332,17:00:00,"(50,30)"
333,17:00:00,"(60,40)"
334,17:00:00,"(70,50)"
335,17:00:00,"(80,60)"
336,17:00:00,"(90,70)"
337,17:00:00,"(20,80)"
338,17:00:00,"(10,90)"
339,17:00:00,"(50,10)"
340,17:00:00,"(60,20)"
341,17:15:00,"(70,30)"
342,17:15:00,"(80,40)"
343,17:15:00,"(90,50)"
344,17:15:00,"(40,60)"
345,17:15:00,"(30,70)"
346,17:15:00,"(10,80)"
347,17:15:00,"(20,90)"
348,17:15:00,"(10,50)"
349,17:15:00,"(20,60)"
350,17:15:00,"(1,20)"
351,17:15:00,"(2,20)"
352,17:15:00,"(3,20)"
353,17:15:00,"(4,20)"
354,17:15:00,"(5,20)"
355,17:15:00,"(6,20)"
356,17:15:00,"(7,20)"
357,17:15:00,"(8,20)"
358,17:15:00,"(9,20)"
359,17:15:00,"(10,20)"
360,17:15:00,"(5,50)"
361,17:15:00,"(30,10)"
362,17:15:00,"(40,20)"
363,17:15:00,"(50,30)"
364,17:15:00,"(60,40)"
365,17:15:00,"(70,50)"
366,17:15:00,"(80,60)"
367,17:15:00,"(90,70)"
368,17:15:00,"(20,80)"
369,17:15:00,"(10,90)"
370,17:15:00,"(10,20)"
371,17:15:00,"(1,10)"
372,17:15:00,"(2,20)"
373,17:15:00,"(3,30)"
374,17:15:00,"(4,40)"
375,17:15:00,"(5,50)"
376,17:15:00,"(6,60)"
377,17:15:00,"(7,70)"
378,17:15:00,"(8,80)"
379,17:15:00,"(9,90)"
380,17:15:00,"(60,20)"
381,17:15:00,"(70,30)"
382,17:15:00,"(80,40)"
383,17:15:00,"(90,50)"
384,17:15:00,"(40,60)"
385,17:30:00,"(30,70)"
386,17:30:00,"(10,80)"
387,17:30:00,"(20,90)"
388,17:30:00,"(10,50)"
389,17:30:00,"(1,10)"
390,17:30:00,"(2,10)"
391,17:30:00,"(3,10)"
392,17:30:00,"(4,10)"
393,17:30:00,"(5,10)"
394,17:30:00,"(6,10)"
395,17:30:00,"(7,10)"
396,17:30:00,"(8,10)"
397,17:30:00,"(9,10)"
398,17:30:00,"(10,10)"
399,17:30:00,"(5,50)"
400,17:30:00,"(6,60)"
401,17:30:00,"(7,70)"
402,17:30:00,"(8,80)"
403,17:30:00,"(5,10)"
404,17:30:00,"(5,10)"
405,17:30:00,"(6,10)"
406,17:30:00,"(7,10)"
407,17:30:00,"(8,10)"
408,17:30:00,"(9,10)"
409,17:30:00,"(10,10)"
410,17:30:00,"(30,70)"
411,17:30:00,"(9,10)"
412,17:30:00,"(10,10)"
413,17:30:00,"(40,60)"
414,17:30:00,"(30,70)"
415,17:30:00,"(10,20)"
416,17:30:00,"(1,10)"
417,17:30:00,"(10,20)"
418,17:30:00,"(1,10)"
419,17:30:00,"(2,20)"
420,17:30:00,"(3,30)"
421,17:30:00,"(4,40)"
422,17:30:00,"(5,50)"
423,17:30:00,"(6,60)"
424,17:30:00,"(7,70)"
425,17:30:00,"(8,80)"
426,17:30:00,"(9,90)"
427,17:30:00,"(60,20)"
428,17:30:00,"(6,10)"
429,17:30:00,"(7,70)"
430,17:30:00,"(8,80)"
431,17:30:00,"(9,90)"
432,17:30:00,"(60,20)"
433,17:30:00,"(7,70)"
434,17:30:00,"(8,80)"
435,17:30:00,"(9,90)"
436,17:30:00,"(60,20)"
437,17:30:00,"(6,10)"
438,17:30:00,"(7,10)"
439,17:30:00,"(40,60)"
440,17:30:00,"(30,70)"
441,17:30:00,"(10,80)"
442,17:30:00,"(20,90)"
443,17:30:00,"(10,50)"
444,17:30:00,"(1,10)"
445,17:30:00,"(2,10)"
446,17:30:00,"(3,10)"
447,17:30:00,"(4,10)"
448,17:30:00,"(5,10)"
449,17:30:00,"(5,10)"
450,17:30:00,"(6,10)"
451,17:30:00,"(7,10)"
452,17:30:00,"(8,10)"
453,17:30:00,"(9,10)"
454,17:30:00,"(10,10)"
455,17:30:00,"(6,10)"
456,17:30:00,"(9,10)"
457,17:30:00,"(10,10)"
458,17:30:00,"(40,60)"
459,17:30:00,"(30,70)"
460,17:30:00,"(30,70)"
461,17:30:00,"(10,20)"
462,17:30:00,"(1,10)"
463,17:30:00,"(7,70)"
464,17:30:00,"(8,80)"
465,17:30:00,"(9,90)"
466,17:30:00,"(60,20)"
467,17:30:00,"(30,70)"
468,17:30:00,"(10,20)"
469,17:30:00,"(1,10)"
470,17:30:00,"(6,10)"
471,17:30:00,"(7,70)"
472,17:30:00,"(8,80)"
473,17:30:00,"(9,90)"
474,17:30:00,"(60,20)"
475,17:30:00,"(40,60)"
476,17:30:00,"(7,70)"
477,17:30:00,"(10,20)"
478,17:30:00,"(30,70)"
479,17:30:00,"(6,10)"
480,17:30:00,"(7,10)"
481,17:30:00,"(6,10)"
482,17:30:00,"(40,60)"
483,17:30:00,"(7,70)"
484,17:30:00,"(8,80)"
485,17:30:00,"(9,90)"
486,17:30:00,"(60,20)"
487,17:30:00,"(5,10)"
488,17:30:00,"(6,10)"
489,17:30:00,"(7,10)"
490,17:30:00,"(7,10)"
491,17:30:00,"(5,20)"
492,17:30:00,"(6,20)"
493,17:30:00,"(7,20)"
494,17:30:00,"(8,20)"
495,17:30:00,"(9,20)"
496,17:30:00,"(10,20)"
497,17:30:00,"(5,10)"
498,17:30:00,"(6,10)"
499,17:30:00,"(7,10)"
500,17:30:00,"(8,10)"
501,18:00:00,"(9,10)"
502,18:00:00,"(10,10)"
503,18:00:00,"(9,10)"
504,18:00:00,"(10,10)"
505,18:00:00,"(40,60)"
506,18:00:00,"(30,70)"
507,18:00:00,"(10,20)"
508,18:00:00,"(1,10)"
509,18:00:00,"(2,20)"
510,18:00:00,"(3,30)"
511,18:00:00,"(4,40)"
512,18:00:00,"(5,50)"
513,18:00:00,"(6,60)"
514,18:00:00,"(7,70)"
515,18:00:00,"(8,80)"
516,18:00:00,"(9,90)"
517,18:00:00,"(60,20)"
518,18:00:00,"(7,70)"
519,18:00:00,"(8,80)"
520,18:00:00,"(9,90)"
521,18:00:00,"(60,20)"
522,18:00:00,"(8,20)"
523,18:00:00,"(9,20)"
524,18:00:00,"(10,20)"
525,18:00:00,"(6,10)"
526,18:00:00,"(7,10)"
527,18:00:00,"(8,10)"
528,18:00:00,"(9,10)"
529,18:00:00,"(10,10)"
530,18:00:00,"(9,10)"
531,18:00:00,"(10,10)"
532,18:00:00,"(40,60)"
533,18:00:00,"(30,70)"
534,18:00:00,"(40,60)"
535,18:00:00,"(30,70)"
536,18:00:00,"(10,20)"
537,18:00:00,"(1,10)"
538,18:00:00,"(10,10)"
539,18:00:00,"(40,60)"
540,18:00:00,"(8,80)"
541,18:00:00,"(9,90)"
542,18:00:00,"(60,20)"
543,18:00:00,"(40,60)"
544,18:00:00,"(30,70)"
545,18:00:00,"(10,20)"
546,18:00:00,"(1,10)"
547,18:00:00,"(40,60)"
548,18:00:00,"(5,10)"
549,18:00:00,"(6,10)"
550,18:00:00,"(7,10)"
551,18:00:00,"(8,10)"
552,18:00:00,"(9,10)"
553,18:00:00,"(10,10)"
554,18:00:00,"(30,70)"
555,18:00:00,"(10,10)"
556,18:00:00,"(40,60)"
557,18:00:00,"(10,10)"
558,18:00:00,"(40,60)"
559,18:00:00,"(30,70)"
560,18:00:00,"(30,70)"
561,18:15:00,"(30,70)"
562,18:15:00,"(5,20)"
563,18:15:00,"(6,20)"
564,18:15:00,"(7,20)"
565,18:15:00,"(8,20)"
566,18:15:00,"(9,20)"
567,18:15:00,"(10,20)"
568,18:15:00,"(9,10)"
569,18:15:00,"(10,10)"
570,18:15:00,"(1,20)"
571,18:15:00,"(2,20)"
572,18:15:00,"(9,10)"
573,18:15:00,"(10,10)"
574,18:15:00,"(40,60)"
575,18:15:00,"(30,70)"
576,18:15:00,"(30,70)"
577,18:15:00,"(10,20)"
578,18:15:00,"(1,10)"
579,18:15:00,"(10,20)"
580,18:15:00,"(1,10)"
581,18:15:00,"(2,20)"
582,18:15:00,"(3,30)"
583,18:15:00,"(4,40)"
584,18:15:00,"(5,50)"
585,18:15:00,"(6,60)"
586,18:15:00,"(7,70)"
587,18:15:00,"(8,80)"
588,18:15:00,"(9,90)"
589,18:15:00,"(60,20)"
590,18:15:00,"(30,70)"
591,18:30:00,"(30,70)"
592,18:30:00,"(10,20)"
593,18:30:00,"(1,10)"
594,18:30:00,"(30,70)"
595,18:30:00,"(5,10)"
596,18:30:00,"(6,10)"
597,18:30:00,"(7,10)"
598,18:30:00,"(8,10)"
599,18:30:00,"(9,10)"
600,18:30:00,"(10,10)"
601,18:30:00,"(30,70)"
602,18:30:00,"(10,20)"
603,18:30:00,"(1,10)"
604,18:30:00,"(30,70)"
605,18:30:00,"(7,70)"
606,18:30:00,"(8,80)"
607,18:30:00,"(9,90)"
608,18:30:00,"(60,20)"
609,18:30:00,"(9,90)"
610,18:30:00,"(60,20)"
611,18:30:00,"(30,70)"
612,18:30:00,"(5,20)"
613,18:30:00,"(6,20)"
614,18:30:00,"(7,20)"
615,18:30:00,"(8,20)"
616,18:30:00,"(9,20)"
617,18:30:00,"(10,20)"
618,18:30:00,"(9,90)"
619,18:30:00,"(60,20)"
620,18:30:00,"(5,10)"
621,18:30:00,"(30,70)"
622,18:30:00,"(5,10)"
623,18:30:00,"(6,10)"
624,18:30:00,"(7,10)"
625,18:30:00,"(8,10)"
626,18:30:00,"(9,10)"
627,18:30:00,"(10,10)"
628,18:30:00,"(9,90)"
629,18:30:00,"(60,20)"
630,18:30:00,"(7,70)"
631,18:30:00,"(8,80)"
632,18:30:00,"(9,90)"
633,18:30:00,"(60,20)"
634,18:30:00,"(5,10)"
635,18:30:00,"(30,70)"
636,18:30:00,"(10,20)"
637,18:30:00,"(1,10)"
638,18:30:00,"(5,20)"
639,18:30:00,"(6,20)"
640,18:30:00,"(7,20)"
641,18:45:00,"(8,20)"
642,18:45:00,"(9,20)"
643,18:45:00,"(10,20)"
644,18:45:00,"(10,20)"
645,18:45:00,"(10,20)"
646,18:45:00,"(5,10)"
647,18:45:00,"(6,10)"
648,18:45:00,"(7,10)"
649,18:45:00,"(8,10)"
650,18:45:00,"(9,10)"
651,18:45:00,"(10,10)"
652,18:45:00,"(9,90)"
653,18:45:00,"(60,20)"
654,18:45:00,"(7,70)"
655,18:45:00,"(8,80)"
656,18:45:00,"(9,90)"
657,18:45:00,"(60,20)"
658,18:45:00,"(30,70)"
659,18:45:00,"(10,20)"
660,18:45:00,"(1,10)"
661,19:00:00,"(5,20)"
662,19:00:00,"(6,20)"
663,19:00:00,"(7,20)"
664,19:00:00,"(8,20)"
665,19:00:00,"(9,20)"
666,19:00:00,"(10,20)"
667,19:00:00,"(10,20)"
668,19:00:00,"(7,70)"
669,19:00:00,"(8,80)"
670,19:00:00,"(9,90)"
671,19:00:00,"(60,20)"
672,19:00:00,"(9,90)"
673,19:00:00,"(60,20)"
674,19:00:00,"(10,20)"
675,19:00:00,"(5,20)"
676,19:00:00,"(6,20)"
677,19:00:00,"(7,20)"
678,19:00:00,"(8,20)"
679,19:00:00,"(9,20)"
680,19:00:00,"(10,20)"
681,19:00:00,"(9,10)"
682,19:00:00,"(10,10)"
683,19:00:00,"(40,60)"
684,19:00:00,"(30,70)"
685,19:00:00,"(5,10)"
686,19:00:00,"(6,10)"
687,19:00:00,"(7,10)"
688,19:00:00,"(8,10)"
689,19:00:00,"(9,10)"
690,19:00:00,"(10,10)"
691,19:00:00,"(7,70)"
692,19:00:00,"(8,80)"
693,19:00:00,"(9,90)"
694,19:00:00,"(60,20)"
695,19:00:00,"(5,10)"
696,19:00:00,"(10,20)"
697,19:00:00,"(1,10)"
698,19:00:00,"(2,20)"
699,19:00:00,"(3,30)"
700,19:00:00,"(4,40)"
701,19:00:00,"(5,50)"
702,19:00:00,"(6,60)"
703,19:00:00,"(7,70)"
704,19:00:00,"(8,80)"
705,19:00:00,"(9,90)"
706,19:00:00,"(60,20)"
707,19:00:00,"(7,70)"
708,19:00:00,"(8,80)"
709,19:00:00,"(9,90)"
710,19:00:00,"(60,20)"
711,19:00:00,"(5,10)"
712,19:00:00,"(6,10)"
713,19:00:00,"(7,10)"
714,19:00:00,"(7,10)"
715,19:00:00,"(5,20)"
716,19:00:00,"(6,20)"
717,19:00:00,"(7,20)"
718,19:00:00,"(8,20)"
719,19:00:00,"(9,20)"
720,19:00:00,"(10,20)"
721,19:00:00,"(5,10)"
722,19:00:00,"(6,10)"
723,19:00:00,"(7,10)"
724,19:00:00,"(8,10)"
725,19:00:00,"(9,10)"
726,19:00:00,"(10,10)"
727,19:00:00,"(10,20)"
728,19:00:00,"(5,10)"
729,19:00:00,"(5,10)"
730,19:00:00,"(6,10)"
731,19:00:00,"(7,10)"
732,19:00:00,"(8,10)"
733,19:00:00,"(9,10)"
734,19:00:00,"(10,10)"
735,19:00:00,"(9,90)"
736,19:00:00,"(60,20)"
737,19:00:00,"(10,20)"
738,19:00:00,"(9,90)"
739,19:00:00,"(60,20)"
740,19:00:00,"(5,20)"
741,19:00:00,"(6,20)"
742,19:00:00,"(7,20)"
743,19:00:00,"(8,20)"
744,19:00:00,"(9,20)"
745,19:00:00,"(10,20)"
746,19:00:00,"(9,10)"
747,19:00:00,"(10,10)"
748,19:00:00,"(1,20)"
749,19:00:00,"(2,20)"
750,19:00:00,"(10,20)"
751,19:00:00,"(5,10)"
752,19:00:00,"(5,10)"
753,19:00:00,"(9,90)"
754,19:00:00,"(60,20)"
755,19:00:00,"(10,20)"
756,19:00:00,"(7,70)"
757,19:00:00,"(8,80)"
758,19:00:00,"(9,90)"
759,19:00:00,"(60,20)"
760,19:00:00,"(5,10)"
761,19:00:00,"(6,10)"
762,19:00:00,"(7,10)"
763,19:00:00,"(7,10)"
764,19:00:00,"(5,20)"
765,19:00:00,"(6,20)"
766,19:00:00,"(7,20)"
767,19:00:00,"(8,20)"
768,19:00:00,"(9,20)"
769,19:00:00,"(10,20)"
770,19:00:00,"(5,10)"
771,19:00:00,"(6,10)"
772,19:00:00,"(7,10)"
773,19:00:00,"(8,10)"
774,19:00:00,"(9,10)"
775,19:00:00,"(10,10)"
776,19:00:00,"(7,10)"
777,19:00:00,"(5,10)"
778,19:00:00,"(5,10)"
779,19:00:00,"(5,10)"
780,19:00:00,"(10,20)"
781,19:00:00,"(1,10)"
782,19:00:00,"(2,20)"
783,19:00:00,"(3,30)"
784,19:00:00,"(4,40)"
785,19:00:00,"(5,50)"
786,19:00:00,"(6,60)"
787,19:00:00,"(7,70)"
788,19:00:00,"(8,80)"
789,19:00:00,"(9,90)"
790,19:00:00,"(60,20)"
791,19:15:00,"(5,20)"
792,19:15:00,"(6,20)"
793,19:15:00,"(7,20)"
794,19:15:00,"(8,20)"
795,19:15:00,"(9,20)"
796,19:15:00,"(10,20)"
797,19:15:00,"(9,10)"
798,19:15:00,"(10,10)"
799,19:15:00,"(1,20)"
800,19:15:00,"(2,20)"
801,19:15:00,"(2,10)"
802,19:15:00,"(3,10)"
803,19:15:00,"(4,10)"
804,19:15:00,"(5,10)"
805,19:15:00,"(6,10)"
806,19:15:00,"(7,10)"
807,19:15:00,"(8,10)"
808,19:15:00,"(9,10)"
809,19:15:00,"(10,10)"
810,19:15:00,"(1,20)"
811,19:15:00,"(2,20)"
812,19:15:00,"(3,20)"
813,19:15:00,"(4,20)"
814,19:15:00,"(5,20)"
815,19:15:00,"(6,20)"
816,19:15:00,"(7,20)"
817,19:15:00,"(8,20)"
818,19:15:00,"(9,20)"
819,19:15:00,"(10,20)"
820,19:15:00,"(1,10)"
821,19:15:00,"(2,20)"
822,19:15:00,"(3,30)"
823,19:15:00,"(4,40)"
824,19:15:00,"(5,50)"
825,19:15:00,"(6,60)"
826,19:15:00,"(7,70)"
827,19:15:00,"(8,80)"
828,19:15:00,"(9,90)"
829,19:15:00,"(10,20)"
830,19:15:00,"(30,10)"
831,19:15:00,"(40,20)"
832,19:15:00,"(50,30)"
833,19:15:00,"(60,40)"
834,19:15:00,"(70,50)"
835,19:15:00,"(80,60)"
836,19:15:00,"(90,70)"
837,19:15:00,"(20,80)"
838,19:15:00,"(10,90)"
839,19:15:00,"(50,10)"
840,19:15:00,"(60,20)"
841,19:15:00,"(70,30)"
842,19:15:00,"(80,40)"
843,19:15:00,"(90,50)"
844,19:15:00,"(40,60)"
845,19:15:00,"(30,70)"
846,19:15:00,"(10,80)"
847,19:15:00,"(20,90)"
848,19:15:00,"(10,50)"
849,19:15:00,"(20,60)"
850,19:15:00,"(1,20)"
851,19:30:00,"(2,20)"
852,19:30:00,"(3,20)"
853,19:30:00,"(4,20)"
854,19:30:00,"(5,20)"
855,19:30:00,"(6,20)"
856,19:30:00,"(7,20)"
857,19:30:00,"(8,20)"
858,19:30:00,"(9,20)"
859,19:30:00,"(10,20)"
860,19:30:00,"(30,10)"
861,19:30:00,"(30,10)"
862,19:30:00,"(40,20)"
863,19:30:00,"(50,30)"
864,19:30:00,"(60,40)"
865,19:30:00,"(70,50)"
866,19:30:00,"(80,60)"
867,19:30:00,"(90,70)"
868,19:30:00,"(20,80)"
869,19:30:00,"(10,90)"
870,19:30:00,"(10,20)"
871,19:30:00,"(1,10)"
872,19:30:00,"(2,20)"
873,19:30:00,"(3,30)"
874,19:30:00,"(4,40)"
875,19:30:00,"(5,50)"
876,19:30:00,"(6,60)"
877,19:30:00,"(7,70)"
878,19:30:00,"(8,80)"
879,19:30:00,"(9,90)"
880,19:30:00,"(60,20)"
881,19:30:00,"(70,30)"
882,19:30:00,"(80,40)"
883,19:30:00,"(90,50)"
884,19:30:00,"(40,60)"
885,19:30:00,"(30,70)"
886,19:30:00,"(10,80)"
887,19:30:00,"(20,90)"
888,19:30:00,"(10,50)"
889,19:30:00,"(1,10)"
890,19:30:00,"(2,10)"
891,19:30:00,"(3,10)"
892,19:30:00,"(4,10)"
893,19:30:00,"(5,10)"
894,19:30:00,"(6,10)"
895,19:30:00,"(7,10)"
896,19:30:00,"(8,10)"
897,19:30:00,"(9,10)"
898,19:30:00,"(10,10)"
899,19:30:00,"(40,60)"
900,19:30:00,"(30,70)"
901,19:30:00,"(9,10)"
902,19:30:00,"(10,10)"
903,19:30:00,"(40,60)"
904,19:30:00,"(30,70)"
905,19:30:00,"(7,10)"
906,19:30:00,"(7,10)"
907,19:30:00,"(5,20)"
908,19:30:00,"(6,20)"
909,19:30:00,"(7,20)"
910,19:30:00,"(8,20)"
911,19:30:00,"(9,20)"
912,19:30:00,"(10,20)"
913,19:30:00,"(5,10)"
914,19:30:00,"(6,10)"
915,19:30:00,"(7,10)"
916,19:30:00,"(8,10)"
917,19:30:00,"(9,10)"
918,19:30:00,"(10,10)"
919,19:30:00,"(40,60)"
920,19:30:00,"(30,70)"
921,19:45:00,"(5,10)"
922,19:45:00,"(6,10)"
923,19:45:00,"(7,10)"
924,19:45:00,"(5,10)"
925,19:45:00,"(5,10)"
926,19:45:00,"(6,10)"
927,19:45:00,"(7,10)"
928,19:45:00,"(40,60)"
929,19:45:00,"(30,70)"
930,19:45:00,"(10,80)"
931,19:45:00,"(20,90)"
932,19:45:00,"(10,50)"
933,19:45:00,"(1,10)"
934,19:45:00,"(2,10)"
935,19:45:00,"(3,10)"
936,19:45:00,"(4,10)"
937,19:45:00,"(5,10)"
938,19:45:00,"(6,10)"
939,19:45:00,"(7,10)"
940,19:45:00,"(40,60)"
941,19:45:00,"(30,70)"
942,19:45:00,"(40,60)"
943,19:45:00,"(30,70)"
944,19:45:00,"(10,80)"
945,19:45:00,"(20,90)"
946,19:45:00,"(10,50)"
947,19:45:00,"(1,10)"
948,19:45:00,"(2,10)"
949,19:45:00,"(3,10)"
950,19:45:00,"(4,10)"
951,19:45:00,"(5,10)"
952,19:45:00,"(5,10)"
953,19:45:00,"(40,60)"
954,19:45:00,"(30,70)"
955,19:45:00,"(5,10)"
956,19:45:00,"(6,10)"
957,19:45:00,"(7,10)"
958,19:45:00,"(7,10)"
959,19:45:00,"(40,60)"
960,19:45:00,"(30,70)"
961,19:45:00,"(10,80)"
962,19:45:00,"(20,90)"
963,19:45:00,"(10,50)"
964,19:45:00,"(1,10)"
965,19:45:00,"(2,10)"
966,19:45:00,"(3,10)"
967,19:45:00,"(4,10)"
968,19:45:00,"(5,10)"
969,19:45:00,"(10,80)"
970,19:45:00,"(20,90)"
971,19:45:00,"(10,50)"
972,19:45:00,"(1,10)"
973,19:45:00,"(5,10)"
974,19:45:00,"(6,10)"
975,19:45:00,"(7,10)"
976,19:45:00,"(5,10)"
977,19:45:00,"(6,10)"
978,19:45:00,"(7,10)"
979,19:45:00,"(7,10)"
980,19:45:00,"(5,20)"
981,19:45:00,"(6,20)"
982,19:45:00,"(7,20)"
983,19:45:00,"(8,20)"
984,19:45:00,"(9,20)"
985,19:45:00,"(10,20)"
986,19:45:00,"(5,10)"
987,19:45:00,"(6,10)"
988,19:45:00,"(7,10)"
989,19:45:00,"(8,10)"
990,19:45:00,"(9,10)"
991,19:45:00,"(10,10)"
992,19:45:00,"(10,80)"
993,19:45:00,"(20,90)"
994,19:45:00,"(10,50)"
995,19:45:00,"(1,10)"
996,19:45:00,"(7,10)"
997,19:45:00,"(5,10)"
998,19:45:00,"(6,10)"
999,19:45:00,"(7,10)"
1000,19:45:00,"(20,90)"
